电影名,磁力链接
八月照相馆,magnet:?xt=urn:btih:4edd5569752069cefd06d12347dad3b57a46795e&dn=[电影天堂www.dytt8899.com]八月照相馆-1998_蓝光国韩双语中字.mp4
简·奥斯汀毁了我的生活,magnet:?xt=urn:btih:3a133e60618fa43aa1444e70f81b013b794beb74&dn=[电影天堂www.dytt8899.com]简・奥斯汀毁了我的生活-2024_HD法语中字.mp4
冰之塔,magnet:?xt=urn:btih:e79f5987d65aadbbd577c7809991c6c1da074166&dn=[电影天堂www.dytt8899.com]冰之塔-2025_HD中英双字.mp4
蜡笔小新：灼热的春日部舞者们,magnet:?xt=urn:btih:5b692b0f010f39c2f312d55ac43d06baaaaaecb2&dn=[电影天堂www.dytt8899.com]蜡笔小新：灼热的春日部舞者们-2025_BD国粤日三语中字.mp4
落水姻缘,magnet:?xt=urn:btih:e1c8e04a4aeeb25eacfbaa0de37cd9e61eb158a5&dn=[电影天堂www.dytt8899.com]落水姻缘-1987_蓝光国英双语中英双字.mp4
边境战争2,magnet:?xt=urn:btih:8cac4fe8cddc0aa382fd67521e9cba6938ffc868&dn=[电影天堂www.dytt8899.com]边境战争2-2026_HD印地语中字.mp4
破果,magnet:?xt=urn:btih:a656a185ab11dd9ed23a113a65aa129c939b054f&dn=[电影天堂www.dytt8899.com]破果-2025_BD韩语中字.mp4
蓝月亮,magnet:?xt=urn:btih:3364f438795489a68f842efa614ea81670ae5220&dn=[电影天堂www.dytt8899.com]蓝月亮-2025_BD中英双字.mp4
请求救援,magnet:?xt=urn:btih:f2339a7fed475640f89d83a80f297d19d17064cd&dn=[电影天堂www.dytt8899.com]请求救援-2026_HD中英双字.mp4
俺不是贫困户,magnet:?xt=urn:btih:74dd424bf88d9e4f4ec13711364ab04242d4eb35&dn=[电影天堂www.dytt8899.com]俺不是贫困户-2018_HD国语中字.mp4
龙口走蛟,magnet:?xt=urn:btih:1210c1d58affcd1fc4e957ce27481706654cf26d&dn=[电影天堂www.dytt8899.com]龙口走蛟-2026_HD国语中英双字.mp4
维珍朋克： 发条女孩,magnet:?xt=urn:btih:324b40a0ee2e0c4d5f98fac7842d8a3bfaf96a64&dn=[电影天堂www.dytt8899.com]维珍朋克发条女孩-2025_BD日语中字.mp4
黑材料,magnet:?xt=urn:btih:81b8d529206278da76149486a363b5598b07732a&dn=[电影天堂www.dytt8899.com]黑材料-2022_BD法语中字.mp4
最后的前线,magnet:?xt=urn:btih:330bc86fd2d7f8dff48fd7ecf80268d410108e7c&dn=[电影天堂www.dytt8899.com]最后的前线-2020_BD国俄双语中俄双字.mp4
电影名,磁力链接
八月照相馆,magnet:?xt=urn:btih:4edd5569752069cefd06d12347dad3b57a46795e&dn=[电影天堂www.dytt8899.com]八月照相馆-1998_蓝光国韩双语中字.mp4
简·奥斯汀毁了我的生活,magnet:?xt=urn:btih:3a133e60618fa43aa1444e70f81b013b794beb74&dn=[电影天堂www.dytt8899.com]简・奥斯汀毁了我的生活-2024_HD法语中字.mp4
